companyID,name,mainAddress
1,Gilbert and Sons,"42245 Olson Mews Apt. 918, Tomborough, RI 31535"
2,"Harrington, Robinson and Lewis","838 Daniel Bridge, West Mark, TX 15859"
3,Bray-Chavez,"89086 Anthony Port, New Pedro, VT 77717"
4,Dawson-Ellis,"14509 Simmons Flats Suite 842, New Stacy, TX 45791"
5,Wolfe-Allison,"72077 Karen Plaza, Pamelamouth, AS 51953"
6,Rich Inc,"Unit 6128 Box 8264, DPO AE 60597"
7,Mclaughlin Inc,"7791 Alisha Island Apt. 601, New Bernardland, AK 73071"
8,"Davis, Simpson and Montes","4816 Santana Road, Ianbury, GA 89271"
9,Campbell Inc,"36035 Huff Tunnel, East Stephaniefurt, NY 41295"
10,"Gamble, Lee and Barrera","9318 Cooper Mountain, Princestad, IN 66721"
11,Taylor-Russell,"8765 Kristina Union, East Dennismouth, ND 34618"
12,"Schmitt, Elliott and Reeves","1646 Steven Ford Apt. 636, Haynesberg, VA 60703"
13,"Mccarthy, Murray and Petersen","393 Angela Spring, Zacharymouth, NM 69889"
14,Peterson-Cummings,"PSC 7007, Box 2366, APO AA 05775"
15,Dorsey Ltd,"163 Acosta View, Jacobtown, NJ 19617"
16,Guerrero PLC,"89004 Brown Creek, Davisview, NE 59015"
17,Day LLC,"77672 Eric Manor, Lake Henryburgh, NJ 72205"
18,"Silva, Munoz and Miller","5789 Amber Passage Suite 233, West Amanda, IA 38457"
19,Vasquez LLC,"PSC 2718, Box 3120, APO AE 93648"
20,Gentry-Ramirez,"614 Anthony Centers, Burkeside, WY 19963"
21,Jones-Poole,"43822 Dixon Oval Suite 372, North Katherinetown, NC 47452"
22,Mccullough-Leonard,"34205 Logan Wall Suite 753, New Gloria, VT 29516"
23,Howell-Wilkins,"50773 Martinez Loaf Apt. 183, Andreafurt, UT 00514"
24,Smith-Savage,"945 Hernandez Turnpike, South Angel, ID 63194"
25,"Thompson, Carter and Edwards","35814 Lopez Glens Suite 079, West Theodorestad, SC 17734"
26,Tucker-Diaz,"USNV Welch, FPO AE 52646"
27,Miller Inc,"21170 Linda Stravenue, Williamsport, NJ 43532"
28,"Perez, Roth and Leblanc","Unit 4129 Box 5396, DPO AA 90098"
29,"Bryant, Stevens and Lynch","7151 Smith Springs, East Tylertown, IL 96780"
30,Ramsey-Curry,"83138 Chang Garden, Johnville, WY 58732"
31,Lewis-Herrera,"08869 Anthony Overpass, New James, IN 32957"
32,"Lee, Medina and Meyers","29824 Megan Corners, West Joelland, SD 83550"
33,Anderson Group,"PSC 6308, Box 5758, APO AE 92405"
34,Griffith Group,"7848 Elizabeth Club Apt. 518, Lake Erictown, MT 75746"
35,Taylor-Evans,"303 Thomas Squares, Rachelchester, MH 08926"
36,Rosales-Griffin,"9849 Howard Stravenue Suite 546, Prestonmouth, ND 60453"
37,Smith PLC,"USNS Johnson, FPO AE 05501"
38,Tanner and Sons,"402 Brown Causeway Suite 163, Davisfort, WY 86024"
39,Santos Ltd,"70372 James Hills Suite 384, West Tamaraview, NH 78674"
40,"Elliott, Johnson and Sanchez","8732 James Mews, Hullmouth, WA 35621"
41,Garcia PLC,"388 Keith Course Suite 191, Millerborough, MO 76299"
42,"Love, Richardson and Carter","175 Fitzgerald Fall, Josephhaven, VI 56824"
43,Sanders and Sons,"771 Gordon Views, Port Michaelmouth, IL 20199"
44,Little-Jones,"8966 Michael Mills Apt. 210, Port Mariafurt, LA 54743"
45,Robles Inc,"48072 Patrick Drive, South Ericaside, MS 61395"
46,"Hamilton, Peterson and Kennedy","USNS Higgins, FPO AE 92999"
47,Martinez and Sons,"USS Jordan, FPO AE 68566"
48,Gates-Cole,"494 Jones Ville Suite 276, Brownhaven, ME 06504"
49,"York, Moon and Gross","93981 Marsh Walks, Port Manuel, MP 98582"
50,"Macdonald, Johnson and Tate","369 Jacob Port Suite 143, South Danamouth, WV 07704"
51,York-Nicholson,"0840 Alice Vista, Nicholsside, MA 96114"
52,Wheeler-Kim,"5116 Walker Circles, Christianville, CT 12252"
53,Johnson LLC,"52283 Pamela Crest Apt. 961, New Shanemouth, AL 04923"
54,Armstrong-Tucker,"0122 Thompson Drives, Port Mark, NV 06093"
55,Woods LLC,"3771 Christopher Fall, Stevensborough, MH 88988"
56,Andrade-Hanson,"170 Spencer Rapids, Josephshire, HI 73030"
57,"Whitney, Olson and Skinner","75004 Jeffrey Junctions Apt. 980, East Loretta, NC 05392"
58,Stein-Walker,"1778 Elizabeth Rapids Apt. 698, North Vincentmouth, MD 11050"
59,Ford-Nunez,"612 Jonathan Corner Suite 406, North Julie, NJ 30618"
60,"Owens, Johnston and Wright","5482 Brian Camp Apt. 586, Cassieland, NY 68440"
61,"Gomez, Mitchell and Patel","761 Howard Mall Apt. 960, Robertview, MO 42157"
62,Brown-Wilson,"880 Burns Fort, North Gregoryville, UT 37887"
63,"Johnson, Miller and Greene","336 Charles Hills Suite 750, New Jennifertown, WA 12867"
64,"Peterson, Bridges and Wong","428 Thomas Pass, North Victorialand, GU 84459"
65,Durham-Compton,"8879 Nelson Mews Apt. 429, Lowefurt, ME 30585"
66,Hill Ltd,"Unit 1195 Box 7991, DPO AP 62646"
67,Ford-Stanley,"143 Erika Lake, North Bruceton, IN 66214"
68,Norton-Mcknight,"Unit 0542 Box 1410, DPO AA 92233"
69,"Sutton, Taylor and Smith","16256 Henderson Burg, Transhire, LA 90357"
70,Haynes-Brooks,"15202 Patrick Park Apt. 954, New Johnberg, MP 15828"
71,"Green, Gonzalez and Arellano","268 Williams Spring, Robertchester, NC 22407"
72,Rubio PLC,"569 Scott Ranch, Adamsville, GU 99803"
73,Jefferson-Stewart,"159 Walker Bypass Apt. 371, Parkerburgh, TX 82839"
74,Hutchinson PLC,"83882 Robert Village, Hornshire, DC 03655"
75,"Pacheco, Jimenez and Salas","12418 Malik Corners Apt. 932, West James, MI 61134"
76,"Brown, Mcgee and Walker","83484 Harmon Inlet Suite 245, North Bryanland, IA 01818"
77,Thompson-Sanchez,"Unit 2941 Box 5860, DPO AA 23128"
78,Gordon-Mcdonald,"810 Mary Gateway, New Christinaburgh, MI 89781"
79,"West, Lewis and Taylor","435 Amanda Extensions Suite 955, Lake Amanda, CO 93461"
80,Smith-Armstrong,"13801 Kelly Groves Apt. 877, North Leahport, WI 71085"
81,"Cruz, Reynolds and Eaton","PSC 4909, Box 7143, APO AE 07355"
82,"Collins, Brown and Pope","91986 Martinez Cape, Sharonland, NH 91380"
83,Chapman-Larson,"6808 Campbell Run, Jeremyberg, DE 02420"
84,Torres LLC,"2889 Morgan Locks Suite 202, North Marissaside, AZ 82178"
85,"Frazier, Johnson and Chung","006 Hernandez Haven Suite 858, Lake Matthewborough, AL 03498"
86,Harrison-Hill,"7888 Briana Heights, Westshire, SD 74511"
87,"Vazquez, Harrell and Hansen","26019 Tyler Trafficway Apt. 767, West Latoya, CA 95837"
88,Goodman-Adams,"499 Garner Mission Suite 507, Pattersonshire, MA 98415"
89,"Hall, Jones and Mason","PSC 8807, Box 2940, APO AE 54416"
90,Jackson-Miller,"133 Lacey Parkway, Pamelachester, SD 66036"
91,Mason-Thomas,"08219 Griffin Keys Suite 486, Brianton, NJ 41605"
92,Brown-King,"Unit 3958 Box 6003, DPO AA 67397"
93,Martinez and Sons,"090 Rivera Branch Apt. 854, Williamsside, WA 16527"
94,"Smith, Hall and Hendrix","813 Scott Crescent, Patelshire, SC 10408"
95,Harper and Sons,"82946 Duncan Passage Apt. 600, North Nancy, MN 65101"
96,"Valencia, Hutchinson and Riley","886 Anna Mission, West Maria, MP 21734"
97,Solis PLC,"621 Mason Loaf Apt. 979, South Shelby, WA 38796"
98,"Reed, Mercer and Baker","79155 Pham Haven, Port Jeffrey, OH 63915"
99,Hernandez-Stewart,"028 Fuentes Crest Suite 492, East Cynthiaville, OR 02000"
100,Smith PLC,"16646 Ashley Shoals Apt. 394, South Brian, LA 93117"
