employeeID,firstName,lastName,email,teamID
1,Troy,Ho,matthewscorey@example.org,85
2,Amanda,Stephens,carmenmoore@example.com,29
3,Craig,Smith,mtaylor@example.org,98
4,Matthew,Stafford,edwardsmith@example.org,65
5,Gregory,Roth,bishopdavid@example.com,53
6,David,Hunt,jose62@example.net,48
7,Holly,Hamilton,jasonclark@example.com,21
8,Jennifer,Dyer,michelle23@example.org,71
9,Debra,Long,gtorres@example.net,51
10,Monica,Leon,carolyn30@example.com,8
11,William,Sandoval,riveracharlene@example.com,76
12,Kelly,Smith,sandragibson@example.net,78
13,Mary,Chase,sarah88@example.com,51
14,Emily,Brown,jpineda@example.org,81
15,Lauren,Simpson,kevinrogers@example.net,28
16,Michael,Reid,mreynolds@example.org,84
17,Christopher,Osborne,jenniferfletcher@example.net,9
18,Lawrence,Richardson,catherine50@example.com,55
19,Derek,Johnston,brendanfleming@example.com,25
20,Courtney,Walker,blackwellannette@example.org,79
21,Gary,Gutierrez,idouglas@example.org,98
22,Nicholas,Odonnell,carrie65@example.net,5
23,Andrew,Anderson,castromary@example.net,46
24,Noah,Peters,grantjoshua@example.org,8
25,Kenneth,Hays,laurarollins@example.com,4
26,Robert,Gregory,allison79@example.org,54
27,Johnny,Ward,jaykelley@example.net,53
28,Bradley,Silva,zdavis@example.com,45
29,Teresa,Phillips,robertsmith@example.com,50
30,Robert,Moss,andrew44@example.org,92
31,Alexander,Stephens,gregory82@example.net,70
32,Rebecca,Fields,amy40@example.com,22
33,Christopher,Garcia,ryanpennington@example.net,13
34,David,Peck,mariawilliamson@example.net,2
35,Michael,Woodward,lindseywashington@example.net,11
36,Michael,Parker,clarkmarissa@example.org,47
37,Andrea,Finley,meghan49@example.com,96
38,Ariana,Jimenez,timothymccoy@example.net,43
39,Jennifer,Freeman,lonnie02@example.net,86
40,Gregory,Bentley,coopernathaniel@example.org,76
41,Robert,Weaver,whogan@example.org,47
42,Samantha,Mayer,clarkjohn@example.org,37
43,Chelsea,Thomas,masonemily@example.com,92
44,Janice,Perez,robertsonhenry@example.org,11
45,Jessica,Morrison,catherinevincent@example.net,8
46,Austin,Brown,jeffery03@example.org,2
47,Melissa,Martin,travishicks@example.org,50
48,Stephanie,Copeland,melissa65@example.org,30
49,Sheila,Grant,ytucker@example.org,96
50,Todd,Richardson,yhall@example.com,84
51,Robert,Nixon,goodmanmichael@example.net,49
52,Tammy,Monroe,ycopeland@example.net,70
53,Alicia,Moore,hnicholson@example.net,35
54,Rachel,Massey,caseyturner@example.org,25
55,Thomas,Taylor,jill84@example.com,16
56,Mariah,Bailey,steven97@example.org,85
57,Robert,Roberts,miranda34@example.net,63
58,Marcus,Lowe,paceadam@example.org,18
59,Kim,Campbell,rachael27@example.com,28
60,Adam,Koch,nancyhill@example.com,52
61,John,Craig,qhowell@example.com,56
62,Maria,Zhang,carlosstevens@example.org,24
63,Jennifer,Kim,walkerbrittany@example.net,42
64,Donna,Barrett,cartersteve@example.org,25
65,Debbie,Smith,baxterapril@example.com,79
66,Dennis,Mcmillan,alvaradoapril@example.net,2
67,Mariah,Davis,caitlin23@example.com,12
68,Kevin,Hernandez,qprice@example.com,7
69,Danielle,Ruiz,evandiaz@example.com,5
70,Philip,Anderson,kyle00@example.com,79
71,Christopher,Berry,michael02@example.net,36
72,Michelle,Keller,sheryl67@example.com,79
73,Hannah,Robles,russorobert@example.org,29
74,Lisa,Wilkinson,vbates@example.org,87
75,Frank,Baker,mdawson@example.com,26
76,Gina,Walker,pmoses@example.net,55
77,Sabrina,Mills,john08@example.net,41
78,Bryan,Erickson,nyates@example.net,57
79,Jennifer,Sandoval,stuartcarlos@example.com,30
80,Brian,Davis,bjackson@example.net,80
81,Mercedes,Kelly,brianjohnson@example.com,25
82,Keith,Hawkins,mary35@example.com,1
83,Brian,Norman,steven15@example.com,7
84,Barry,Ramirez,thompsonjennifer@example.net,19
85,Brittany,Burns,igallegos@example.com,84
86,Brian,Ingram,william23@example.com,19
87,Katherine,Sheppard,daniellejones@example.net,7
88,Maria,Anderson,philip51@example.com,41
89,Jacob,Rivera,deanstephanie@example.net,38
90,Sarah,West,ingramcharles@example.net,8
91,Erica,Davis,angela12@example.com,97
92,Nancy,Meyer,marksanders@example.com,14
93,Tanya,Porter,rachelgordon@example.com,81
94,Elizabeth,Chambers,amy19@example.net,91
95,Austin,Alexander,umyers@example.com,1
96,Aaron,Patterson,richardwaters@example.net,84
97,Julie,Jackson,rachaelowen@example.net,88
98,William,Whitehead,josephdixon@example.com,11
99,Michael,Nash,harrisonjohn@example.com,44
100,Patricia,Fields,cruzfelicia@example.org,60
